{
    "train": {
        "loss": 0.3352635471486231,
        "acc": 0.852429629135539
    },
    "validation": {
        "loss": 0.36887051642006635,
        "acc": 0.8318943964341843
    },
    "test": {
        "loss": 0.3768410612924682,
        "acc": 0.829509770585043
    }
}