{
    "train": {
        "loss": 0.40396004815048187,
        "acc": 0.8562816835645678
    },
    "validation": {
        "loss": 0.36649007483551377,
        "acc": 0.8547951598744252
    }
}